Last 4 Card Digits,Menu Item,Qty,Total,Tip,Date_x,Time
8834,"Margarita Rock Flight, Elysian Space Dust, Flights 3 Egg Omelet, HH Mimosa Flight, Voodoo Ranger, Caprese Salad, Caprese Salad, Bird Dog, Caprese Salad, Pancake Flight, Caprese Salad",11.0,162.62,2.0,2023-11-05,12:49:00
5709,"HH Mimosa Flight, HH Mimosa Flight, Salad Flight, Salad Flight",4.0,72.08,20.43,2023-11-05,13:58:00
7260,"Titos, HH Mimosa Flight",1.5,21.33,5.0,2023-11-05,11:27:00
7940,"Mojito Flight, Slider Flight",2.0,48.07,9.61,2023-11-05,18:08:00
8465,Jack Daniels,1.0,13.12,2.62,2023-11-05,17:56:00
8465,"MODELO, Titos, Patron Reposado, Casamigos Reposado, MODELO, Bacardi, Casamigos Reposado, MODELO, Titos, Casamigos Reposado, MODELO, MODELO, Margarita, Jack Daniels, MODELO, Jack Daniels, MODELO, Jack Daniels, MODELO, MODELO, Casamigos Reposado, Casamigos Reposado",34.0,432.0,25.97,2023-11-05,16:02:00
6389,"Lemonade, Fry Flight, Taco Flight, Macaroni & Cheese, 2 Orange Juice, Fettuccine Alfredo",6.0,82.97,20.0,2023-11-05,14:59:00
6389,"Bloody Mary Flight, Martini Flight, Martini Flight, Macaroni & Cheese, Flights Burger, Empanada Flight, Skewer Flight, Wedge Salad, Fettuccine Alfredo, Frozen Margarita Flight",10.0,222.86,25.5,2023-11-11,18:55:00
7427,"Titos, 6 Oz N.Y. Steak & Eggs, Titos",3.0,46.98,0.0,2023-11-05,11:48:00
0576,"Cabernet - Josh Hearth - Glass, Smoked Show",2.0,29.53,5.91,2023-11-05,18:06:00
2109,"Mojito Flight, Martini Flight, Fry Flight, Cast Iron Hash Flight, Red Wine Flight",5.0,116.92,2.55,2023-11-05,14:12:00
0413,"stella, MODELO, Fettuccine Alfredo, Fettuccine Alfredo",8.0,133.54,0.0,2023-11-05,16:40:00
9340,"Around the World, Skewer Flight, Birthday Cheesecake, Side Ribes Smoeky Bbq",4.0,226.34,25.0,2023-11-05,16:09:00
9316,Toast Flight,2.0,30.51,5.02,2023-11-05,12:44:00
8730,Fry Flight,1.0,18.54,8.0,2023-11-05,11:40:00
8927,Caprese Salad,1.0,14.16,20.0,2023-11-05,14:32:00
8675,"Mojito Flight, MODELO, Mac & Cheese Flight, Roasted Lemon Chicken, Fettuccine Alfredo",5.0,112.52,0.0,2023-11-05,14:51:00
9270,Flights Burger,1.0,18.54,5.25,2023-11-05,14:40:00
2669,"Breakfast Burrito, Fry Flight, Fry Flight, Fry Flight, Mac & Cheese Flight, Chicken Wing Flight, Fry Flight",7.0,135.26,6.79,2023-11-05,14:00:00
0787,"MODELO, Fry Flight, MODELO",3.0,36.04,5.0,2023-11-06,18:13:00
0450,"Kids Milk, Macaroni & Cheese, Bird Dog, Caesar Salad",4.0,39.32,0.0,2023-11-06,13:56:00
4994,"Fry Flight, Pinot Grigio - 14 Hands - Glass, Bird Dog, Taco Flight",4.0,67.7,11.55,2023-11-06,19:19:00
6417,"Mac & Cheese Flight, Skewer Flight, Campbell Mud Pie, Mule Flight, Margarita",5.0,98.32,17.7,2023-11-06,18:13:00
0388,"Margarita Rock Flight, Mojito Flight",2.0,52.5,9.0,2023-11-06,19:22:00
0496,"Margarita Rock Flight, Fry Flight",2.0,44.79,6.77,2023-11-06,19:07:00
3118,Cabernet - Flights Founder's Label - Glass,1.0,10.93,9.0,2023-11-07,19:13:00
0651,"Johnnie Walker Black, Oban, Sierra Hazy, Rose - The Fabliest - Glass",4.0,53.57,8.0,2023-11-07,20:06:00
2088,"Cabernet - Josh Hearth - Glass, Skewer Flight",2.0,38.21,0.0,2023-11-07,19:15:00
3712,Rocks Flight,1.0,16.41,24.0,2023-11-07,16:10:00
1358,"Margarita Rock Flight, Skewer Flight, Chicken Wing Flight, Skewer Flight, Baby Back Ribs Flight",5.0,123.36,24.67,2023-11-07,19:21:00
1541,"Slider Flight, Wedge Salad, Martini Flight, Titos, Martini Flight, Ahi Tuna Taco Flight, Cheesecake Flight",7.0,114.62,2.0,2023-11-07,16:38:00
1541,"HH Margarita Rock Flight, HH Mojito Flight, Chicken Wing Flight",3.0,57.93,0.72,2023-11-07,17:41:00
1338,Margarita Rock Flight,1.0,26.25,4.72,2023-11-07,19:48:00
1338,"Elysian Space Dust, Coke",3.0,21.88,5.25,2023-11-24,20:16:00
9677,Maverick,1.0,17.5,3.0,2023-11-07,18:42:00
9677,"Mule Flight, Old Fashioned Flight, Empanada Flight, Chicken Wing Flight, Margarita Rock Flight",5.0,124.6,10.0,2023-11-09,19:55:00
3781,"HH Gin Flight, HH Tasting Wine Flight, HH Old Fashioned Flight, Sierra Hazy, Fry Flight, Mac & Cheese Flight, White Wine Flight, Chicken Wing Flight",8.0,145.32999999999998,0.64,2023-11-07,18:48:00
1356,"Hot Tea, Rose - The Fabliest - Glass, Empanada Flight",3.0,34.959999999999994,11.58,2023-11-07,17:54:00
8163,"Fettuccine Alfredo, Coke, Flights Burger",4.0,48.03,9.61,2023-11-07,19:52:00
8163,H,1.0,0.01,35.0,2023-11-25,11:02:00
8434,Caprese Salad,1.0,14.16,0.0,2023-11-07,19:49:00
7254,"HH Beer, HH Beer, HH Beer, HH Beer, HH Beer, HH Beer, Skewer Flight",7.0,56.76,14.58,2023-11-07,16:32:00
7254,"HH Margarita Rock Flight, HH Mojito Flight",2.0,32.82,11.3,2023-11-24,16:27:00
2674,"Taco Flight, Well Vodka, Well Vodka",4.0,55.74,0.0,2023-11-07,14:06:00
3536,"Soda Water, Taco Flight",2.0,21.27,2.6,2023-11-07,19:51:00
5781,"Bourbon Flight, Skewer Flight",3.0,89.62,2.0,2023-11-07,15:28:00
9287,"Johnnie Walker Black, Slider Flight, Johnnie Walker Black",3.0,50.24,0.0,2023-11-07,18:56:00
1745,"HH Old Fashioned Flight, HH Old Fashioned Flight, Fry Flight, 12 Oz New York Steak, Flights Burger, Campbell Mud Pie, Campbell Mud Pie",7.0,138.75,4.37,2023-11-08,17:37:00
1745,"Bluemoon, Slider Flight, 805",3.0,32.74,6.55,2023-11-27,16:50:00
8841,"Empanada Flight, HH Mojito Flight",2.0,37.15,6.0,2023-11-08,18:26:00
8926,"HH Margarita Rock Flight, Slider Flight",2.0,38.23,6.88,2023-11-08,18:28:00
0346,"HH Tasting Wine Flight, HH Bloody Mary Flight, HH Gin Flight, Baby Back Ribs Flight",4.0,73.23,13.18,2023-11-08,16:28:00
8918,Fry Flight,1.0,18.54,21.81,2023-11-08,18:59:00
7039,"Hapas ipa, HH Old Fashioned Flight",2.0,21.87,25.11,2023-11-08,17:38:00
2050,"HH Margarita Rock Flight, Taco Flight",2.0,36.04,0.0,2023-11-08,18:26:00
3200,"Titos, Salad Flight",2.0,32.75,6.55,2023-11-08,16:15:00
2847,Pinot Grigio - 14 Hands - Glass,1.0,14.21,30.52,2023-11-08,17:33:00
5811,"HH Mimosa Flight, Mac & Cheese Flight, Empanada Flight",3.0,57.89,5.0,2023-11-08,18:28:00
8257,"Gin Flight, Gin Flight, Baby Back Ribs Flight, Chicken Wing Flight, Salad Flight, Well Gin, Hapas ipa",7.0,144.2,0.0,2023-11-08,19:09:00
2133,"Fry Flight, Salad Flight, HH Bloody Mary Flight",3.0,54.58,21.4,2023-11-09,17:04:00
3897,"Beer Flight, Taco Flight, Baby Back Ribs Flight, Caesar Salad, Brownie Bomber",5.0,86.19,17.24,2023-11-09,18:20:00
8792,"Mojito Flight, Mojito Flight, Empanada Flight, Chicken Wing Flight, Mojito Flight",5.0,124.6,8.75,2023-11-09,19:37:00
6171,"Ghost Rider, Smoked Show, Ahi Tuna Taco Flight, Chicken Wing Flight, Fry Flight, Ghost Rider, Smoked Show",7.0,124.56,8.31,2023-11-09,19:42:00
6497,"Fettuccine Alfredo, stella",2.0,37.15,10.0,2023-11-09,19:03:00
3477,"Ahi Tuna Taco Flight, Beef Slider, Chicken Slider, Sierra Hazy",4.0,46.95,8.45,2023-11-09,15:54:00
1839,"Fry Flight, Margarita Rock Flight, Mule Flight",3.0,71.03999999999999,5.03,2023-11-09,20:19:00
5152,"Chicken Wing Flight, Side Fries Garlic",2.0,12.55,5.0,2023-11-09,18:50:00
9721,"Baby Back Ribs Flight, Well Vodka Dbl, Ketel One, HH BEER, Empanada Flight, Well Vodka Dbl, Ketel One, Casamigos Blanco, MODELO, Well Vodka Dbl, Well Vodka Dbl",11.0,196.79,0.0,2023-11-09,17:57:00
1404,"Hapas ipa, Tempranillo - The Fabliest - Glass, Mule Flight, Fry Flight, Caesar Salad, Mac & Cheese Flight, Hapas ipa",7.0,115.78,24.91,2023-11-09,19:34:00
5917,Hh Beer,1.0,5.46,1.09,2023-11-09,15:52:00
5917,Bread And Butter,1.0,3.29,4.37,2023-11-09,16:12:00
5796,"Paloma, Paloma, Mojito Flight, Margarita Rock Flight, Fry Flight, Taco Flight, Brownie Bomber, Empanada Flight, Mojito Flight, Paloma, Frozen Margarita Flight, Baby Back Ribs Flight, Cheesecake Flight, Miracle on the Hudson, Empanada Flight, Paloma, Hapas ipa",17.0,331.08,20.0,2023-11-09,19:03:00
9876,"MODELO, Old Fashioned Flight, Taco Flight, Roasted Lemon Chicken, Side Fries, MODELO",6.0,97.24,14.21,2023-11-09,19:53:00
7796,"HH Frozen Margarita Flight, Modelo, Ahi Tuna Taco Flight, Baby Back Ribs Flight, Fry Flight, Modelo, Chicken Wing Flight, Beignet Flight",8.0,126.6,11.14,2023-11-09,17:17:00
0216,"Taco Flight, Roasted Lemon Chicken, Ginger Beer, Ginger Beer",4.0,55.68,19.67,2023-11-09,17:31:00
5650,"Empanada Flight, Mojito Flight, Slider Flight, Cheesecake Flight",4.0,85.17,23.0,2023-11-09,19:05:00
5650,"Skewer Flight, Salad Flight, Lemonade, Coke",4.0,52.39,4.37,2023-11-29,17:51:00
0120,"MODELO, Ghost Rider",5.0,50.32,5.3,2023-11-10,22:26:00
7251,Margarita,1.0,16.41,14.15,2023-11-10,16:09:00
8889,"Margarita Rock Flight, Fry Flight, Slider Flight, Casamigos Blanco",4.0,81.93,9.01,2023-11-10,19:20:00
6208,"Slider Flight, Chicken Wing Flight, Fry Flight, Margarita Rock Flight",4.0,91.72,18.34,2023-11-10,19:31:00
7073,Fries,1.0,0.0,17.54,2023-11-10,18:50:00
7341,"Mojito Flight, Mojito Flight",2.0,52.5,11.55,2023-11-10,21:14:00
1726,"Frozen Margarita Flight, Fry Flight, Taco Flight, Ahi Tuna Taco Flight, Beer Flight",5.0,101.55,30.0,2023-11-10,19:08:00
1726,"Caesar Salad, Salmon",2.0,0.0,6.0,2023-11-30,17:22:00
4549,"Chicken Wing Flight, Fry Flight, Shirmp Skewr",3.0,52.4,14.43,2023-11-10,20:25:00
1150,"Frozen Margarita Flight, Slider Flight, Empanada Flight",3.0,68.81,13.76,2023-11-10,20:22:00
7278,"Wedge Salad, stella",2.0,21.82,22.58,2023-11-10,19:59:00
8484,"Bird Dog, Moscow Mule",2.0,28.44,6.26,2023-11-10,21:32:00
6949,1738,1.0,19.68,20.0,2023-11-10,20:21:00
9894,"Mojito Flight, Ghost Rider, Taco Flight, Taco Flight, Fry Flight",5.0,99.37,0.0,2023-11-10,20:29:00
5009,"Taco Flight, Fry Flight, Ghost Rider, Bluemoon, Bird Dog, Mile High",6.0,92.88,16.72,2023-11-10,20:54:00
0249,"Mule Flight, Mojito Flight, Empanada Flight",3.0,73.24,20.76,2023-11-10,15:51:00
1993,"HH Mojito Flight, Fry Flight, Skewer Flight, Chicken Wing Flight, 12 Oz New York Steak, Taco Flight",6.0,146.3,8.75,2023-11-10,18:13:00
8843,HH Martini Flight,1.0,16.41,15.0,2023-11-10,17:20:00
5940,"HH Hapas IPA, Fettuccine Alfredo",4.0,45.9,2.0,2023-11-10,18:27:00
5285,Pinot Noir - Chalk Hill - Glass,1.0,14.21,14.34,2023-11-10,17:31:00
7957,Slider Flight,1.0,10.9,10.0,2023-11-10,21:48:00
7074,"Fry Flight, Margarita Rock Flight, Sprite",3.0,49.17,0.0,2023-11-10,18:42:00
7926,"Fry Flight, Chicken Wing Flight, Skewer Flight, MODELO, Margarita Rock Flight",5.0,102.65,22.81,2023-11-10,20:23:00
9714,"Fettuccine Alfredo, Side Fries Crispy Plain",2.0,0.0,19.87,2023-11-10,20:09:00
3885,"Margarita Rock Flight, Slider Flight",2.0,48.07,9.61,2023-11-10,19:19:00
6100,"Pinot Noir - Josh - Glass, Don Julio 70, Pinot Noir - Josh - Glass, Don Julio 70",4.0,65.62,13.12,2023-11-10,20:55:00
4066,"HH Frozen Margarita Flight, HH Tasting Wine Flight",2.0,32.82,0.0,2023-11-10,18:19:00
0502,"Bourbon Flight, Ghost Rider",2.0,48.14,4.81,2023-11-10,19:04:00
8800,"HH Old Fashioned Flight, HH Mojito Flight, Taco Flight, Fry Flight, Empanada Flight, Salad Flight",6.0,111.36,2.95,2023-11-10,16:59:00
0531,"HH Margarita Rock Flight, Macaroni & Cheese, Roasted Lemon Chicken, Roasted Lemon Chicken, Mac & Cheese Flight, Fry Flight, Caesar Salad, Caesar Salad, Coke, Coke, Coke, Brownie Bomber, Hapas ipa, Birthday Treat",14.0,181.22,35.0,2023-11-10,18:29:00
3706,"Skewer Flight, Ahi Tuna Taco Flight, HH Gin Flight, HH Old Fashioned Flight, Ahi Tuna Taco Flight",5.0,96.08,0.0,2023-11-10,17:58:00
5918,"Martini Flight, Ahi Tuna Taco Flight, Mac & Cheese Flight, Caesar Salad, Margarita Rock Flight",5.0,105.94,21.19,2023-11-10,19:11:00
0823,"Empanada Flight, Fry Flight, Ahi Tuna Taco Flight, Bird Dog, Hapas ipa",5.0,82.97999999999999,16.6,2023-11-10,19:33:00
3000,"Mojito Flight, Taco Flight, Baby Back Ribs Flight, Fettuccine Alfredo, Macaroni & Cheese, I Heart Prosecco - Glass, Cabernet - Flights Founder's Label - Glass, Chicken Wing Flight, Flights Burger, Caesar Salad, 12 Oz New York Steak, BBQ Pulled Pork Sandwich, Beignet Flight, Brownie Bomber",14.0,283.85,0.0,2023-11-10,19:13:00
6594,"Mimosa Flight, MODELO, Miracle on the Hudson, Mimosa Flight, Fry Flight, Chicken Wing Flight, Caesar Salad, Fettuccine Alfredo, Pan Seared Salmon Fillet, Fettuccine Alfredo",10.0,243.61,20.0,2023-11-11,19:50:00
1637,Mac & Cheese Flight,1.0,18.64,15.15,2023-11-11,15:57:00
2834,"Frozen Margarita Flight, Mojito Flight, Mule Flight, Mule Flight, Slider Flight, Empanada Flight, Old Fashioned Flight",7.0,173.81,0.0,2023-11-11,19:40:00
7388,Mac & Cheese Flight,1.0,18.64,0.0,2023-11-11,15:45:00
6675,"Margarita Rock Flight, Margarita Rock Flight, Tasting Wine Flight, Taco Flight, Mac & Cheese Flight, Chicken Wing Flight, Ahi Tuna Taco Flight",7.0,163.86,18.75,2023-11-11,19:23:00
1611,"Caesar Salad, Empanada Flight, Chicken Wing Flight, HH Mimosa Flight, Mimosas",5.0,91.74,19.0,2023-11-11,14:22:00
7949,"Martini Flight, Old Fashioned Flight, Taco Flight, Flights Burger, Flights Burger",5.0,109.21,12.22,2023-11-11,16:44:00
5944,"Mule Flight, Mojito Flight, Mimosa Flight, Side Fries, Mojito Flight",5.0,111.57,7.0,2023-11-11,19:48:00
1017,"Margarita Rock Flight, Coffee Regular, 12 Oz New York Steak, Side Egg, Toast Flight",5.0,91.78,22.0,2023-11-11,12:52:00
4012,"Frozen Margarita Flight, Margarita Rock Flight, Mac & Cheese Flight, Flights Burger, Bird Dog, Wingman, Bird Dog, Flights Burger, Coke",9.0,160.66,0.0,2023-11-11,17:31:00
9346,"HH Mimosa Flight, Red Wine Flight, Margarita Rock Flight, Coke, Mojito Flight, Mile High, Orange Juice, Orange Juice, Old Fashioned Flight, Mule Flight, 6 Oz N.Y. Steak & Eggs, Toast Flight, Cast Iron Hash Flight, Classic Breakfast, Cast Iron Hash Flight, Fettuccine Alfredo, Slider Flight, Side Fries, Cast Iron Hash Flight, Chicken n Waffles, 12 Oz New York Steak, Skewer Flight, Fettuccine Alfredo, Old Fashioned Flight",24.0,491.02,0.0,2023-11-11,15:17:00
6610,"Skewer Flight, Chicken Wing Flight, Slider Flight, Salad Flight, Coke",7.0,103.68,3.0,2023-11-11,13:24:00
4870,"HH Mimosa Flight, Smoked Show, Toast Flight, Chicken n Waffles, Side Bacon",5.0,81.94,18.66,2023-11-11,12:45:00
8914,"Slider Flight, Beignet Flight",2.0,33.81,5.0,2023-11-11,15:32:00
2641,"Mojito Flight, Mojito Flight, HH Mimosa Flight, Beer Flight, Margarita Rock Flight, Flights Burger, Chicken Wing Flight, Flights 3 Egg Omelet, Frozen Margarita Flight, Flights Burger, Taco Flight, Fry Flight, Frozen Margarita Flight",13.0,280.77,4.32,2023-11-11,13:45:00
7989,Mojito Flight,1.0,26.25,8.0,2023-11-11,16:55:00
8583,"Gin Flight, Beignet Flight, Wedge Salad, Mac & Cheese Flight, Mule Flight, Wedge Salad",6.0,113.55,0.0,2023-11-11,18:04:00
2570,"Cast Iron Hash Flight, Toast Flight, Frozen Margarita Flight",3.0,61.13,18.0,2023-11-11,12:08:00
4685,"Fry Flight, Casamigos Anejo, Bluemoon, Caesar Salad",5.0,79.74000000000001,20.0,2023-11-11,17:51:00
2194,"Mojito Flight, Martini Flight, Mule Flight, Margarita Rock Flight, Diet Coke, Skewer Flight, Mac & Cheese Flight, Fettuccine Alfredo, Taco Flight, Mojito Flight, Mac & Cheese Flight, Skewer Flight, Mojito Flight, Ahi Tuna Taco Flight, Skewer Flight",15.0,344.11,15.13,2023-11-11,17:10:00
7760,Margarita Rock Flight,1.0,26.25,2.0,2023-11-11,22:00:00
7526,"Flights Burger, BBQ Pulled Pork Sandwich, Aperol Spritz",3.0,51.29,12.0,2023-11-11,20:48:00
7693,"Around the World, Martini Flight, Mule Flight, Martini Flight, Mule Flight, Mocktini Flight, Mojito Flight, Martini Flight",8.0,364.23,30.0,2023-11-11,19:15:00
4430,"Hess, Mojito Flight",2.0,45.93,5.0,2023-11-11,18:16:00
6044,"Salad Flight, Aperol Spritz",2.0,32.75,0.0,2023-11-11,19:32:00
0579,2 Frozen,1.0,24.07,12.0,2023-11-11,11:03:00
8261,"Flights Burger, Chicken Wing Flight, Mojito Flight, Flights Burger, Iced Tea, Beignet Flight",6.0,104.81,22.93,2023-11-11,17:57:00
2306,"Mojito Flight, Slider Flight, Beignet Flight",3.0,60.06,0.0,2023-11-11,14:21:00
5171,"Sierra Hazy, Empanada Flight, Hapas ipa, Flights Burger, Flights Burger, Hapas ipa",6.0,84.07,32.13,2023-11-11,17:26:00
1326,"Wingman, Mojito Flight, Sierra Hazy, Caesar Salad, Caesar Salad, Slider Flight, Fry Flight, Mac & Cheese Flight, Chicken Wing Flight",9.0,162.67,44.57,2023-11-11,18:47:00
5338,"Miracle on the Hudson, Mocktini Flight, Cast Iron Hash Flight, Pancake Flight, Breakfast Burrito, Side Bacon",6.0,99.36,5.0,2023-11-11,15:16:00
7792,"Bird Dog, Ghost Rider, Maverick, Wingman, Moscow Mule, I Heart Prosecco - Glass",7.0,100.63,14.34,2023-11-11,22:15:00
0668,"Elysian Space Dust, Elysian Space Dust",2.0,17.5,12.0,2023-11-11,21:27:00
0493,"Ahi Tuna Taco Flight, Mac & Cheese Flight, Skewer Flight, Martini Flight, Martini Flight, Martini Flight, Martini Flight, Cheesecake Flight, Bird Dog, Martini",10.0,197.81,0.0,2023-11-11,16:36:00
2156,"Beer Flight, HH Mimosa Flight, Breakfast Burrito, Cast Iron Hash Flight, Toast Flight, Slider Flight, Skewer Flight",7.0,129.86,20.61,2023-11-11,13:44:00
6772,"Coke, HH Mimosa Flight, Fry Flight, HH Mimosa Flight, Iced Tea, HH Mimosa Flight, Mule Flight, Toast Flight, Side Bacon, Flights Burger, Toast Flight, Flights Burger, Slider Flight, Caprese Salad, Flights Burger, HH Mimosa Flight, Ahi Tuna Taco Flight, Birthday Treat Cheesecake, Mojito Flight, Margarita Rock Flight, Coke",24.0,404.15,22.0,2023-11-11,12:31:00
2406,"Mac & Cheese Flight, Salad Flight, Empanada Flight",3.0,61.11,17.27,2023-11-11,16:21:00
5198,"Taco Flight, Slider Flight, Pinot Noir - Josh - Glass, Man, Pinot Noir - Josh - Glass, Voodoo Ranger, Voodoo Ranger",7.0,95.02,2.36,2023-11-11,15:15:00
4453,"HH Mimosa Flight, Pancake Flight, Chicken n Waffles, Fry Flight",5.0,88.43,6.11,2023-11-11,11:10:00
1367,"Margarita Rock Flight, Fry Flight, Taco Flight, Margarita Rock Flight, Slider Flight",5.0,112.49,2.0,2023-11-11,21:34:00
3006,"Fry Flight, Flights Burger",2.0,18.53,26.0,2023-11-11,15:18:00
3172,stella,1.0,7.66,18.87,2023-11-11,17:31:00
9421,"Cast Iron Hash Flight, BBQ Pulled Pork Sandwich, Diet Coke, Fry Flight",4.0,62.17999999999999,12.0,2023-11-12,11:33:00
5565,"Slider Flight, Mac & Cheese Flight, Fry Flight, Taco Flight, Margarita Rock Flight, Martini Flight, Titos",7.0,146.35,16.1,2023-11-12,16:53:00
6977,HH Mimosa Flight,1.0,16.41,3.28,2023-11-12,12:35:00
2162,"Coffee Regular, Coffee Regular, 6 Oz N.Y. Steak & Eggs, 6 Oz N.Y. Steak & Eggs",4.0,50.24,15.0,2023-11-12,10:53:00
2162,"Margarita Rock Flight, Frozen Margarita Flight, Margarita Rock Flight",3.0,78.75,44.22,2023-11-16,19:25:00
7146,"MODELO, Mile High, Coke, Kids Sprite, BBQ Pulled Pork Sandwich, Two Chicken Tacos, Fettuccine Alfredo, Skewer Flight",8.0,103.75,0.0,2023-11-12,17:08:00
4560,Margarita,1.0,14.21,2.84,2023-11-12,12:18:00
1494,"BBQ Pulled Pork Sandwich, Breakfast Burrito, Breakfast Burrito, Breakfast Burrito, Fry Flight, Mac & Cheese Flight, Salad Flight, Slider Flight, Taco Flight",10.0,185.37,11.0,2023-11-12,13:23:00
6697,"Toast Flight, Cast Iron Hash Flight, Coffee Regular, Coffee Regular",4.0,43.64,10.0,2023-11-12,10:48:00
8627,"Voodoo Ranger, Elysian Space Dust, 805",4.0,35.0,7.0,2023-11-12,15:58:00
2687,"Iced Tea, Lemonade, Empanada Flight, Mac & Cheese Flight",4.0,50.24,10.05,2023-11-12,11:21:00
7504,"Taco Flight, Ginger Beer",2.0,24.01,4.32,2023-11-12,16:09:00
2552,"Side French Toast, Side Egg, Side Bacon, All On ONE PLATE",4.0,0.0,4.72,2023-11-12,15:07:00
1737,"Baby Back Ribs Flight, Arnold Palmer",2.0,28.38,0.0,2023-11-12,16:51:00
8848,"Chicken Wing Flight, Mac & Cheese Flight, Baby Back Ribs Flight, Ghost Rider, Martini Flight, Margarita Rock Flight, Ghost Rider, Casamigos Reposado, Hapas ipa, Bird Dog, Side Fries",11.0,201.13,7.44,2023-11-12,15:07:00
4903,"Skewer Flight, Arnold Palmer",2.0,28.38,4.0,2023-11-12,16:51:00
1846,"HH Mimosa Flight, Breakfast Burrito",3.0,48.07,9.61,2023-11-12,11:04:00
8481,"Fettuccine Alfredo, Martini Flight",4.0,108.24,19.48,2023-11-12,17:04:00
8072,"Mojito Flight, Skewer Flight",2.0,50.25,9.04,2023-11-12,16:42:00
3527,"HH Mimosa Flight, Toast Flight, Chicken n Waffles",3.0,53.48,20.0,2023-11-12,13:42:00
7005,HH Bloody Mary Flight,1.0,16.41,2.0,2023-11-12,11:05:00
5041,"HH Mojito Flight, HH Old Fashion Flight, Ahi Tuna Taco Flight",3.0,52.45,19.0,2023-11-13,18:38:00
8541,"Mojito, Mojito Flight, Mojito Flight, Around the World",4.0,257.03,17.99,2023-11-13,18:58:00
9198,"Slider Flight, HH Margarita Flight",2.0,38.23,5.46,2023-11-13,17:36:00
2543,"Hapas ipa, Hapas ipa, Beer",3.0,16.38,25.0,2023-11-13,18:25:00
2543,"Slider Flight, Taco Flight, Mac & Cheese Flight, Beer Flight",4.0,79.69,15.0,2023-11-18,20:38:00
2543,"Old Fashioned Flight, Tasting Wine Flight, Martini Flight, Ahi Tuna Taco Flight, Fry Flight, Sierra Hazy, MODELO",7.0,134.42,10.0,2023-11-26,15:36:00
5325,"Mojito Flight, Skewer Flight, Empanada Flight, Brownie Bomber",4.0,82.98,0.0,2023-11-14,19:18:00
4663,"Skewer Flight, HH Martini Flight, HH Mule Flight, Empanada Flight, Fry Flight",5.0,96.1,12.0,2023-11-14,16:48:00
8204,"Manhattan, MODELO",2.0,22.96,31.0,2023-11-14,19:23:00
0364,"Frozen Margarita Flight, Mule Flight, Taco Flight, HH Margarita Rock Flight",4.0,68.86,14.94,2023-11-14,18:24:00
1483,Taco Flight,1.0,0.0,5.14,2023-11-14,20:05:00
2475,"Frozen Margarita Flight, Mule Flight",2.0,52.5,15.0,2023-11-14,19:14:00
1977,"HH Frozen Margarita Flight, Slider Flight, Chicken Wing Flight, HH Martini Flight",5.0,96.16,17.31,2023-11-14,16:09:00
4304,"Tempranillo - The Fabliest - Glass, Sauvignon Blanc - Intrinsic - Glass, Roasted Lemon Chicken, Taco Flight, Tempranillo - The Fabliest - Glass, Sauvignon Blanc - Intrinsic - Glass",6.0,95.02,2.62,2023-11-14,19:59:00
8584,"stella, 12 Oz New York Steak, stella",3.0,57.92999999999999,3.0,2023-11-14,18:36:00
3245,"Fettuccine Alfredo, Side Fries",2.0,18.01,20.9,2023-11-14,18:38:00
5061,Slider Flight,1.0,0.0,9.0,2023-11-14,16:37:00
4848,"Taco Flight, Skewer Flight, Old Fashioned Flight, Margarita Rock Flight, Sierra Hazy, Hapas ipa",6.0,113.63,9.79,2023-11-15,19:05:00
5552,"HH Martini Flight, Ginger Beer, Taco Flight, Skewer Flight",4.0,64.42,3.28,2023-11-15,16:49:00
4180,"Mile High, Titos, Bird Dog, Lemon Drop, Taco Flight, Slider Flight, Slider Flight, Mac & Cheese Flight, Fry Flight, Titos, Slider Flight, Side Fries, Titos, Lemon Drop, Lemon Drop, Beignet Flight, Campbell Mud Pie",17.0,265.41,0.05,2023-11-15,18:04:00
7992,"Salad Flight, Margarita Rock Flight, Gin Flight, Taco Flight",4.0,91.76,15.0,2023-11-15,20:32:00
6678,"HH Mojito Flight, HH Tasting Wine Flight, Fry Flight",3.0,51.36,11.0,2023-11-15,16:06:00
3298,"Fry Flight, Mac & Cheese Flight, Mojito Flight, Cabernet - Flights Founder's Label - Glass",4.0,76.46,15.0,2023-11-15,19:48:00
9689,HH Tasting Wine Flight,1.0,16.41,13.0,2023-11-15,17:43:00
6835,"Fry Flight, Ahi Tuna Taco Flight, Baby Back Ribs Flight",3.0,62.17,20.45,2023-11-15,18:10:00
1266,"Red Wine Flight, Taco Flight, Salad Flight",3.0,65.50999999999999,55.0,2023-11-16,18:10:00
5570,"Margarita Rock Flight, Mule Flight, Fry Flight",3.0,71.03999999999999,1.41,2023-11-16,17:35:00
5438,"Fry Flight, Frozen Margarita Flight",2.0,44.79,3.0,2023-11-16,20:16:00
0948,"Martini Flight, Margarita",2.0,40.46,5.99,2023-11-16,19:03:00
0948,"Cabernet - Flights Founder's Label - Bottle, Skewer Flight, Skewer Flight",3.0,90.66,16.32,2023-11-25,20:10:00
9452,"Chicken Wing Flight, stella, stella",3.0,40.43,8.06,2023-11-16,20:10:00
2496,"Fry Flight, HH Margarita Rock Flight, Slider Flight",3.0,56.77,11.79,2023-11-16,18:07:00
2289,"Margarita Rock Flight, Maverick, Old Fashioned Flight, Ahi Tuna Taco Flight, Ahi Tuna Taco Flight, Fry Flight, Fry Flight, Taco Flight, Slider Flight, Mimosa Flight, Taco Flight, Maverick, Maverick, Margarita",14.0,276.34,7.28,2023-11-16,18:37:00
6306,Chicken Wing Flight,1.0,0.0,16.39,2023-11-16,19:31:00
7232,"Taco Flight, Mojito",3.0,45.88,15.0,2023-11-16,19:24:00
9628,"HH Martini Flight, HH BEER, Pan Seared Salmon Fillet, Slider Flight, Side Fries, MODELO",6.0,89.58,19.71,2023-11-16,17:41:00
4467,"Hummus, cheese flight, Meatballs, Lamb lolli",4.0,0.0,0.0,2023-11-17,17:57:00
6752,"Margarita Rock Flight, Martini Flight, Coke, Taco Flight, Chicken Wing Flight, Baby Back Ribs Flight, Lamb lolli, Ice Man, Smoked Show, Bird Dog, Skewer Flight, Campbell Mud Pie",12.0,233.81,27.52,2023-11-17,19:24:00
1026,"Hess Cabernet Glass, Chardonnay - Ste Chateau Michelle - Glass, Ahi Tuna Taco Flight, Chicken Wing Flight, cheese flight",5.0,94.99,19.0,2023-11-17,18:19:00
8954,"Gin Flight, Martini Flight",2.0,52.5,10.82,2023-11-17,19:58:00
6879,Old Fashioned Flight,1.0,13.12,14.65,2023-11-17,21:22:00
4339,"Bloody Mary Flight, Frozen Margarita Flight",2.0,52.5,11.2,2023-11-17,16:11:00
4439,Flights Burger,1.0,9.26,3.0,2023-11-17,21:40:00
7389,"Caesar Salad, Ahi Tuna Taco Flight, Caesar Salad",3.0,63.27,4.0,2023-11-17,19:04:00
4219,"Taco Flight, HH Mojito Flight, BBQ Pulled Pork Sandwich, HH Frozen Margarita Flight, Side Fries",5.0,78.65,10.04,2023-11-17,17:03:00
3268,"Hess Cab Glass, Fry Flight, Skewer Flight, Salad Flight, Slider Flight",6.0,123.37,24.67,2023-11-17,19:01:00
8364,"Chicken Wing Flight, Mac & Cheese Flight, BBQ Pulled Pork Sandwich, Sprite, Virgin Moj Watermelon, Bluemoon",6.0,85.17999999999999,7.0,2023-11-17,21:33:00
5966,"Margarita Rock Flight, Hummus, Side Fries",3.0,50.27,19.95,2023-11-17,20:44:00
7566,"Ahi Tuna Taco Flight, HH Mule Flight",2.0,36.04,50.0,2023-11-17,17:09:00
5612,"Sierra Hazy, Margarita Rock Flight, Sierra Hazy, BBQ Pulled Pork Sandwich, Side Fries, Empanada Flight",6.0,90.69,8.25,2023-11-17,20:53:00
7886,"Mojito Flight, Mojito, Mojito, Fry Flight, Taco Flight, Margarita Rock Flight, Skewer Flight, Cordant Syrah Glass Pandemonium, Empanada Flight, Ahi Tuna Taco Flight, Mac & Cheese Flight, Ghost Rider, Ghost Rider, Chicken Wing Flight, Cordant Syrah Glass Pandemonium, Frozen Margarita Flight",16.0,334.32,0.0,2023-11-17,18:09:00
7644,"Voodoo Ranger, Frozen Margarita Flight, Mojito Flight, Fry Flight, Slider Flight, Fettuccine Alfredo, Caesar Salad",7.0,144.17,31.74,2023-11-17,20:03:00
5483,"Grey Goose, Margarita, Fry Flight, Taco Flight, Grey Goose, Margarita, Grey Goose",10.0,158.45,15.51,2023-11-17,17:27:00
9862,HH Mojito Flight,2.0,32.82,13.13,2023-11-17,17:43:00
2278,"HH Margarita Rock Flight, HH Margarita Rock Flight, HH Margarita Rock Flight, HH Bloody Mary Flight, cheese flight, Meat Balls & Marinara, HH Margarita Rock Flight",7.0,116.95,8.65,2023-11-17,16:44:00
2991,"Bird Dog, I Heart Prosecco - Glass",2.0,26.25,8.73,2023-11-17,20:16:00
2991,"Elysian Space Dust, Flights Burger, Flights Burger, Mac & Cheese Flight, Old Fashioned Flight, Mule Flight, Mule Flight",10.0,158.45,10.5,2023-11-17,20:13:00
3060,"Frozen Margarita Flight, Slider Flight, Ahi Tuna Taco Flight, Beer Flight, Fry Flight",5.0,103.74,20.75,2023-11-17,18:31:00
4971,"Old Fashioned Flight, Fry Flight",2.0,44.79,23.39,2023-11-17,16:10:00
2905,Ahi Tuna Taco Flight,1.0,0.0,28.64,2023-11-17,21:33:00
4907,"Mojito Flight, Frozen Margarita Flight, Martini Flight, Fry Flight, Empanada Flight, Salad Flight, Ahi Tuna Taco Flight, Skewer Flight, Slider Flight, Beignet Flight, Titos, Titos",12.0,245.74,23.38,2023-11-17,19:08:00
9465,"Taco Flight, Skewer Flight",2.0,43.63,9.05,2023-11-17,20:32:00
4669,"Fry Flight, Martini Flight, Titos",3.0,60.11,28.83,2023-11-17,20:00:00
4669,"HH Mojito Flight, HH Margarita Rock Flight, Side Fries",3.0,39.39,7.09,2023-11-27,18:04:00
5762,"HH Frozen Margarita Flight, Fry Flight",2.0,34.95,4.92,2023-11-17,20:20:00
9372,"Fry Flight, Empanada Flight, Empanada Flight, Chicken Wing Flight, Caesar Salad, Fry Flight, Meatballs, Slider Flight, Flights Burger, Chicken Wing Flight, Cheesecake Flight, Cheesecake Flight, Fry Flight, Brownie Bomber",14.0,266.17,43.02,2023-11-17,17:33:00
9352,"Mocktini Flight, Mocktini Flight",2.0,30.64,6.13,2023-11-17,18:32:00
3671,"HH Martini Flight, HH Margarita Rock Flight",4.0,65.64,0.0,2023-11-17,18:04:00
2731,"Maverick, Ginger Beer, Fry Flight, Mile High",4.0,53.56,6.0,2023-11-18,15:42:00
2731,"Patron Reposado Dbl, Patron Reposado Dbl",2.0,61.24,11.0,2023-11-22,20:44:00
7939,"Mac & Cheese Flight, Frozen Margarita Flight, Mojito Flight",3.0,73.24,10.0,2023-11-18,19:58:00
7938,"Mojito Flight, Mac & Cheese Flight, Lamb lolli",3.0,72.1,12.98,2023-11-18,17:50:00
2864,Cheesecake Flight,1.0,0.0,12.73,2023-11-18,18:46:00
7862,"Breakfast Burrito, Breakfast Burrito",2.0,15.26,10.0,2023-11-18,12:10:00
2693,"Diet Coke, Sprite, Chicken Wing Flight, Skewer Flight, Mac & Cheese Flight, Fry Flight, Empanada Flight, Flights Burger, Chicken Wing Flight, Slider Flight",10.0,183.36,0.0,2023-11-18,17:41:00
2693,"White Wine Flight, Flights Burger, Flights Burger",3.0,63.33,9.85,2023-11-19,13:36:00
2571,"Wingman, Wingman, Ice Man",3.0,45.96,7.7,2023-11-18,21:31:00
2812,"Margarita Rock Flight, Taco Flight, Chicken Wing Flight, Fry Flight",4.0,89.53,16.12,2023-11-18,16:27:00
2191,"Cast Iron Hash Flight, 6 Oz N.Y. Steak & Eggs",2.0,40.37,6.5,2023-11-18,13:36:00
2959,"Ahi Tuna Taco Flight, Manhattan, Fry Flight",3.0,55.67,10.0,2023-11-18,14:51:00
3719,"Taco Flight, Empanada Flight, Salad Flight, Old Fashioned Flight, Syrah - The Pundit - Glass, Ahi Tuna Taco Flight, Elysian Space Dust",7.0,113.54,8.0,2023-11-18,21:27:00
8648,"Mojito Flight, Ahi Tuna Taco Flight, Fettuccine Alfredo, Side Fries, Bloody Mary",5.0,95.06,25.0,2023-11-18,20:06:00
7242,"Empanada Flight, Ahi Tuna Taco Flight",2.0,40.37,0.0,2023-11-18,18:04:00
1694,"Fettuccine Alfredo, Taco Flight, Virgin Mojito",3.0,57.87,0.0,2023-11-18,19:08:00
8558,"Casamigos Reposado, MODELO, stella, Casamigos Reposado",9.0,130.16,13.93,2023-11-18,11:58:00
8516,"HH Mimosa Flight, Toast Flight, Breakfast Burrito",4.0,63.32,35.0,2023-11-18,12:47:00
3501,"Maverick, Smoked Show",2.0,30.64,18.9,2023-11-18,18:28:00
8318,"HH Mimosa Flight, Coke, Slider Flight, Cast Iron Hash Flight, Classic Breakfast, Margarita Rock Flight, Toast Flight, Side Egg, Side Bacon",10.0,145.26,10.0,2023-11-18,12:21:00
1460,"HH Mimosa Flight, Old Fashioned Flight, Old Fashioned Flight, HH Bloody Mary Flight, Caprese Salad, Side potatoes, Beignet Flight, Breakfast Burrito, Negroni, 805",10.0,157.36,15.74,2023-11-18,14:02:00
2277,"Iced Tea, Iced Tea, Slider Flight, Wedge Salad",4.0,44.74,7.0,2023-11-18,13:01:00
4085,"Frozen Margarita Flight, Frozen Margarita Flight, Margarita Rock Flight, Margarita Rock Flight",4.0,105.0,4.45,2023-11-18,18:38:00
7763,"Frozen Margarita Flight, Old Fashioned Flight, Bluemoon, Sprite, Salad Flight, Ahi Tuna Taco Flight, Mojito Flight, Baby Back Ribs Flight, Chicken Wing Flight, Campbell Mud Pie, Brownie Bomber",11.0,205.36,20.0,2023-11-18,18:13:00
3352,"Ahi Tuna Taco Flight, 805",2.0,28.38,15.0,2023-11-18,20:55:00
7924,805,1.0,8.75,21.78,2023-11-18,21:52:00
0682,Martini Flight,1.0,26.25,3.0,2023-11-18,14:30:00
4374,"Lemonade, Frozen Margarita Flight, Frozen Margarita Flight, 12 Oz New York Steak, 12 Oz New York Steak, Roasted Lemon Chicken, Flights Burger, Chicken Wing Flight, Coke",9.0,217.42,20.0,2023-11-18,18:11:00
6773,"Old Fashioned Flight, Hendricks, Hendricks, Mule Flight, Chardonnay - Ste Chateau Michelle - Glass",5.0,92.95,0.0,2023-11-18,18:43:00
0212,"Mojito Flight, Mule Flight, Fettuccine Alfredo, Slider Flight, Taco Flight, Baby Back Ribs Flight, Empanada Flight, Salad Flight, Martini Flight, Beignet Flight, Beignet Flight",11.0,238.04,7.0,2023-11-18,20:57:00
6258,Classic Breakfast,1.0,15.25,10.0,2023-11-18,13:49:00
6245,"Margarita Rock Flight, Slider Flight, Taco Flight, Salad Flight, Side Mac n Cheese",5.0,93.9,20.0,2023-11-18,13:34:00
6680,"Mojito Flight, Mimosa Flight, Slider Flight, Chicken Wing Flight",4.0,99.43,30.0,2023-11-18,21:34:00
4494,"Margarita Rock Flight, Frozen Margarita Flight, Fry Flight, Chicken Wing Flight",4.0,96.15,10.0,2023-11-18,19:48:00
5357,MODELO,4.0,35.0,10.0,2023-11-18,11:31:00
9839,"MODELO, MODELO, Coke, Lemonade, Mojito Flight, Around the World, Lemonade",8.0,252.67,17.69,2023-11-18,17:53:00
9809,"Chicken Wing Flight, Empanada Flight, Side Fries Plain, Side Mac n Cheese",4.0,20.23,30.0,2023-11-18,18:21:00
4320,"Martini Flight, Flights Burger",2.0,26.25,0.0,2023-11-18,20:01:00
9760,"Sprite, Slider Flight, Chicken Wing Flight, Mac & Cheese Flight, Fry Flight, Frozen Margarita Flight",6.0,116.84,21.0,2023-11-18,20:10:00
9932,"Titos, MODELO, MODELO",3.0,30.62,16.11,2023-11-18,19:57:00
0059,"Ahi Tuna Taco Flight, Mile High",2.0,34.95,5.0,2023-11-18,12:01:00
0060,"Hummus, Fry Flight, Mule Flight, Beer Flight, Sierra Hazy, Taco Flight",6.0,108.12,0.0,2023-11-18,20:47:00
6554,"Frozen Margarita Flight, Mac & Cheese Flight, Roasted Lemon Chicken, 12 Oz New York Steak, Fettuccine Alfredo, Beignet Flight, Brownie Bomber",7.0,161.61,8.0,2023-11-18,18:28:00
0335,"Coke, Shirley Temple, Chicken Wing Flight, Fettuccine Alfredo, Ahi Tuna Taco Flight",6.0,87.36,12.0,2023-11-19,15:33:00
0615,"HH Bloody Mary Flight, Margarita Rock Flight, Shirley Temple, Chicken Wing Flight, Caesar Salad",5.0,85.22,15.0,2023-11-19,14:50:00
9681,"Chicken n Waffles, Cast Iron Hash Flight, Caprese Salad, Cast Iron Hash Flight",5.0,97.06,11.9,2023-11-19,13:47:00
8272,"Iced Tea, HH Bloody Mary Flight, Classic Breakfast, Breakfast Burrito, Empanada Flight",5.0,72.03,7.86,2023-11-19,13:04:00
6035,"Chicken n Waffles, Roasted Lemon Chicken, Macaroni & Cheese, Kids Milk, Wedge Salad",5.0,74.2,37.0,2023-11-19,15:27:00
9398,"Empanada Flight, HH Mimosa Flight, Toast Flight, Slider Flight",4.0,74.22,0.0,2023-11-19,13:03:00
0795,"Diet Coke, Caesar Salad, Skewer Flight, Fry Flight",4.0,59.99,2.0,2023-11-19,16:02:00
5841,"Mojito Flight, Miracle on the Hudson, Miracle on the Hudson, Meatballs, Campbell Mud Pie",5.0,112.59,0.0,2023-11-19,12:28:00
0765,"Maverick, MODELO, Bird Dog, Ghost Rider",4.0,54.71,23.79,2023-11-19,18:47:00
5114,"Empanada Flight, I Heart Prosecco - Glass, Margarita Rock Flight, Meatballs, Roasted Lemon Chicken, Caprese Salad, I Heart Prosecco - Glass",8.0,148.54,10.94,2023-11-19,16:25:00
7421,"cheese flight, Slider Flight, Taco Flight, Mac & Cheese Flight, Ahi Tuna Taco Flight, Lamb lolli, Side Fries",7.0,64.91,20.76,2023-11-19,14:16:00
4124,"Bloody Mary, Sierra Hazy",2.0,21.87,4.0,2023-11-19,14:35:00
2189,"HH Martini Flight, HH Mojito Flight, Side Fries, Taco Flight",4.0,59.02,6.03,2023-11-20,17:51:00
3618,"Elysian Space Dust, cheese flight, Elysian Space Dust, Meatballs, Elysian Space Dust, Elysian Space Dust",6.0,60.03,40.0,2023-11-20,16:35:00
6400,"HH Martini Flight, Fry Flight, Slider Flight, Taco Flight, HH Mojito Flight",5.0,92.81,22.0,2023-11-20,17:32:00
8453,"Tasting Wine Flight, Mojito Flight",2.0,52.5,0.0,2023-11-20,16:29:00
1571,"Elysian Space Dust, Cabernet - Flights Founder's Label - Glass",2.0,19.68,45.0,2023-11-20,19:47:00
1253,"Flights Burger, Sierra Hazy",3.0,36.04,27.0,2023-11-20,19:14:00
8233,"Mojito Flight, 12 Oz New York Steak, Baby Back Ribs Flight, Fry Flight, Ahi Tuna Taco Flight, Brownie Bomber",6.0,143.02,3.63,2023-11-20,19:40:00
8557,"805, 805, Old Fashioned Flight, 805, 805",5.0,61.25,10.0,2023-11-20,18:07:00
0170,"Sierra Hazy, Flights Burger",4.0,44.79,10.0,2023-11-20,21:15:00
6996,"HH Old Fashioned Flight, Lemon Drop, BBQ Pulled Pork Sandwich, Bird Dog",4.0,64.47999999999999,11.61,2023-11-20,17:58:00
6037,"MODELO, Caprese Salad, Baby Back Ribs Flight, Ahi Tuna Taco Flight, Elysian Space Dust",6.0,84.03999999999999,14.41,2023-11-20,20:05:00
5852,"Old Fashioned Flight, Martini Flight, Margarita Rock Flight, BBQ Pulled Pork Sandwich, Fettuccine Alfredo, Flights Burger, Mac & Cheese Flight",7.0,167.15,35.0,2023-11-20,18:05:00
6618,"Red Wine Flight, White Wine Flight, Skewer Flight, BBQ Pulled Pork Sandwich",4.0,96.13,22.15,2023-11-21,19:26:00
3054,"Gin Flight, Mojito Flight, Margarita, Old Fashioned Flight, Baby Back Ribs Flight, Skewer Flight, Flights Burger",7.0,79.77,0.0,2023-11-21,19:27:00
0485,"Bluemoon, cheese flight",2.0,25.11,12.2,2023-11-21,16:58:00
8492,"Ginger Beer, Mojito Flight, Slider Flight, Mac & Cheese Flight, Fry Flight, Ahi Tuna Taco Flight",6.0,111.36,20.04,2023-11-21,19:04:00
9395,Ahi Tuna Taco Flight,1.0,19.63,0.49,2023-11-21,19:02:00
6382,"Slider Flight, Flights Burger, Empanada Flight, Lemonade, Beignet Flight",5.0,77.47,11.02,2023-11-22,20:17:00
4678,"Baby Back Ribs Flight, Skewer Flight, Salad Flight, Bloody Mary Flight, Mojito Flight, Campbell Mud Pie",6.0,133.25,7.09,2023-11-22,20:42:00
9902,"Fry Flight, HH Margarita Rock Flight, HH Margarita Rock Flight, HH Margarita Rock Flight",4.0,67.77,5.0,2023-11-22,16:49:00
2745,HH Margarita Rock Flight,1.0,16.41,14.0,2023-11-22,16:42:00
5835,Sierra Hazy,1.0,5.46,1.0,2023-11-22,16:56:00
6019,HH Old Fashioned Flight,1.0,16.41,2.95,2023-11-22,16:18:00
7234,"stella, Baby Back Ribs Flight, stella",3.0,39.32,0.0,2023-11-22,19:34:00
2373,"Mojito Flight, Martini Flight, Fry Flight, Taco Flight, Slider Flight, Mojito Flight, Martini Flight",7.0,164.99,30.0,2023-11-22,19:51:00
9656,"Mojito Flight, Old Fashioned Flight, Hummus",3.0,69.95,4.0,2023-11-22,18:44:00
0109,"Red Wine Flight, Old Fashioned Flight, Fry Flight",3.0,71.03999999999999,15.41,2023-11-22,19:16:00
7772,"805, Frozen Margarita Flight, Maverick, Ghost Rider, Bird Dog, 805",6.0,89.71000000000001,33.0,2023-11-22,19:35:00
9396,"HH Bloody Mary Flight, Beer Flight, HH Margarita Rock Flight, HH BEER",4.0,55.78,20.0,2023-11-24,16:25:00
5862,Titos,1.0,13.12,9.82,2023-11-24,19:16:00
5790,"Martini Flight, Mojito Flight, Slider Flight",3.0,74.32,3.94,2023-11-24,20:15:00
0889,"HH Frozen Margarita Flight, HH Mojito Flight, HH Mule Flight, HH Martini Flight, Fry Flight, Skewer Flight, Ahi Tuna Taco Flight, Empanada Flight, Cheesecake Flight",9.0,161.62,32.32,2023-11-24,17:58:00
6845,"HH Mojito Flight, Fry Flight",3.0,51.36,9.85,2023-11-24,16:56:00
6845,"Mule Flight, Skewer Flight, Empanada Flight, Cheesecake Flight",4.0,84.06,10.0,2023-11-27,19:16:00
4787,"Taco Flight, Mac & Cheese Flight, Mac & Cheese Flight, Mac & Cheese Flight, BBQ Pulled Pork Sandwich, Empanada Flight, Empanada Flight, Ahi Tuna Taco Flight, Slider Flight, Fry Flight, Brownie Bomber, Skewer Flight, Empanada Flight, Mac & Cheese Flight, Cheesecake Flight, Ahi Tuna Taco Flight, Chicken Wing Flight, Fry Flight",19.0,376.4,18.0,2023-11-24,16:41:00
8644,Hornitos Blanco,3.0,39.38,6.56,2023-11-24,16:22:00
6884,"HH Frozen Margarita Flight, HH Mule Flight, Lamb lolli, Roasted Lemon Chicken, Pan Seared Salmon Fillet",5.0,115.79,2.19,2023-11-24,18:16:00
8490,"Margarita Rock Flight, Mojito Flight",2.0,52.5,5.0,2023-11-24,20:29:00
2230,"Martini Flight, Mojito Flight",2.0,52.5,10.0,2023-11-24,20:59:00
2517,"Ghost Rider, cheese flight, Pinot Noir - Josh - Glass, Ghost Rider, Pinot Noir - Josh - Glass",5.0,68.86,12.38,2023-11-24,19:45:00
2517,MODELO,1.0,8.75,17.25,2023-11-26,17:02:00
7042,"Ghost Rider, Maverick",2.0,30.64,0.0,2023-11-24,20:14:00
7667,"Mojito Flight, Fry Flight, Skewer Flight",3.0,68.78999999999999,5.52,2023-11-24,19:58:00
2179,"Margarita Rock Flight, Coke, Old Fashioned Flight, Taco Flight, Flights Burger, Slider Flight, Fry Flight, Campbell Mud Pie",8.0,148.53,29.71,2023-11-24,18:49:00
8690,"Margarita Rock Flight, Skewer Flight, Taco Flight, Slider Flight",4.0,91.7,16.51,2023-11-24,18:19:00
6151,"Baby Back Ribs Flight, Flights Burger, Brownie Bomber",3.0,54.53,12.39,2023-11-24,19:25:00
5447,Mule Flight,1.0,26.25,10.5,2023-11-24,20:19:00
3476,"Don Julio Reposado, Elysian Space Dust, Elysian Space Dust",6.0,87.5,9.0,2023-11-25,20:18:00
2730,Maverick,1.0,15.32,6.0,2023-11-25,17:04:00
0465,"Hot Tea, Toast Flight, Cast Iron Hash Flight, HH Mimosa Flight",4.0,54.58,9.82,2023-11-25,12:42:00
1865,Mac & Cheese Flight,1.0,20.74,10.0,2023-11-25,15:19:00
1865,"Hennessy OX, Hennessy OX",2.0,43.76,10.0,2023-11-25,16:53:00
5486,"Martini Flight, Margarita Rock Flight, Mac & Cheese Flight, Empanada Flight, Caesar Salad, Caesar Salad, Taco Flight, Taco Flight",8.0,176.88,31.84,2023-11-25,19:51:00
6056,"Chicken Wing Flight, stella, stella, stella",4.0,48.09,5.0,2023-11-25,20:53:00
5523,"Frozen Margarita Flight, Sprite, Slider Flight, Slider Flight, Slider Flight, Fry Flight, BBQ Pulled Pork Sandwich",7.0,134.26,15.0,2023-11-25,17:48:00
7634,"Well Tequila, Mimosa",2.0,25.16,18.6,2023-11-25,16:13:00
1870,"Lemon Drop, Voodoo Ranger",2.0,21.87,3.94,2023-11-25,15:20:00
2568,"Mac & Cheese Flight, Frozen Margarita Flight",2.0,46.99,4.53,2023-11-25,16:08:00
0103,"Old Fashioned Flight, Coke, Martini Flight, Frozen Margarita Flight, Frozen Margarita Flight, Fettuccine Alfredo",6.0,138.87,25.0,2023-11-25,12:52:00
5878,Sauvignon Blanc - Intrinsic - Glass,1.0,0.0,8.3,2023-11-25,17:38:00
1940,Mule Flight,1.0,26.25,4.0,2023-11-25,20:10:00
0628,Maverick,2.0,30.62,5.51,2023-11-25,14:47:00
2948,"Bird Dog, Maverick, Salad Flight, Empanada Flight, Beignet Flight",5.0,83.0,19.69,2023-11-25,17:57:00
8157,"Diet Coke, Taco Flight, Cabernet - Sebastiani - Glass, Roasted Lemon Chicken, Flights Burger, Beignet Flight",6.0,92.76,0.0,2023-11-25,16:31:00
3256,"Martini Flight, Mule Flight, Taco Flight",3.0,72.13,0.0,2023-11-25,13:04:00
2855,"Flights Burger, Flights Burger",2.0,37.08,18.36,2023-11-25,18:51:00
7424,Pinot Noir - Josh - Glass,1.0,10.93,10.0,2023-11-25,15:53:00
8871,"Lamb lolli, Meatballs",2.0,0.0,0.0,2023-11-25,18:22:00
4006,Chicken Wing Flight,1.0,12.55,20.0,2023-11-25,17:00:00
6834,"Mac & Cheese Flight, Bird Dog, Empanada Flight, Mile High, Slider Flight, Ghost Rider",6.0,109.26,20.0,2023-11-25,21:39:00
4008,"Old Fashioned Flight, Empanada Flight, Gin Flight, Ahi Tuna Taco Flight, Beer Flight, Skewer Flight, Fry Flight, Fettuccine Alfredo",8.0,182.4,7.88,2023-11-25,18:18:00
8767,"Margarita Rock Flight, Slider Flight",2.0,48.07,5.0,2023-11-25,20:37:00
1237,Chicken Wing Flight,1.0,0.0,32.83,2023-11-25,17:42:00
8831,Lemon Drop,2.0,26.25,5.0,2023-11-25,14:52:00
6021,"Taco Flight, Slider Flight, White Wine Flight, Beer Flight, Beignet Flight",5.0,97.19,2.0,2023-11-26,15:01:00
7900,"HH Mimosa Flight, Cast Iron Hash Flight",3.0,52.45,0.0,2023-11-26,12:02:00
5705,"Coffee Decaf, Coffee Regular, Empanada Flight, Salad Flight, Skewer Flight, 6 Oz N.Y. Steak & Eggs, Salad Flight, Flights 3 Egg Omelet, Cast Iron Hash Flight, HH Mimosa Flight, Pancake Flight",11.0,180.04,35.0,2023-11-26,14:01:00
2840,"HH Mimosa Flight, HH Bloody Mary Flight",3.0,49.23,3.45,2023-11-26,14:32:00
7626,Elysian Space Dust,1.0,8.75,22.93,2023-11-26,17:43:00
7401,"Margarita Rock Flight, Coffee Regular, Mojito Flight, Hummus, Lamb lolli, Toast Flight, Ahi Tuna Taco Flight, Fry Flight, Coke",9.0,157.24,14.54,2023-11-26,13:20:00
6304,"Sierra Hazy, Old Fashioned, MODELO",3.0,30.62,1.92,2023-11-26,16:43:00
6737,"Margarita Rock Flight, Old Fashioned Flight, Taco Flight, Skewer Flight, Fry Flight",5.0,114.67,25.0,2023-11-26,18:22:00
3229,Meatballs,1.0,18.54,8.0,2023-11-26,19:03:00
7391,Jim Beam,1.0,10.93,10.0,2023-11-26,11:43:00
6039,"HH Bloody Mary Flight, Chicken Wing Flight",3.0,57.93,13.0,2023-11-26,13:16:00
7095,"Old Fashioned Flight, Mojito Flight, Mac & Cheese Flight, Campbell Mud Pie",4.0,86.36,0.0,2023-11-26,16:37:00
9513,"Mojito Flight, Margarita Rock Flight",2.0,52.5,9.45,2023-11-26,14:22:00
2634,"Gin Flight, HH Bloody Mary Flight",3.0,59.07,1.77,2023-11-26,14:42:00
7306,"Coffee Regular, Cast Iron Hash Flight, Classic Breakfast",5.0,48.0,0.0,2023-11-26,12:54:00
9906,"Cordant Pinot Glass, Cordant Pinot Glass",2.0,43.76,12.0,2023-11-26,11:24:00
6489,"Old Fashioned Flight, Taco Flight",2.0,45.88,13.0,2023-11-26,16:27:00
5616,BBQ Pulled Pork Sandwich,1.0,9.81,16.0,2023-11-27,19:16:00
4942,"Bluemoon, Well Mezcal, Slider Flight, Well Mezcal",4.0,54.65,16.17,2023-11-27,19:33:00
3391,"HH Mule Flight, HH Gin Flight, Slider Flight, Taco Flight",4.0,74.27,16.0,2023-11-27,17:49:00
6691,"Mule Flight, Old Fashioned Flight, Ahi Tuna Taco Flight, Slider Flight, Fry Flight",5.0,112.49,21.0,2023-11-27,18:29:00
6261,"Elysian Space Dust, Elysian Space Dust, MODELO, Elysian Space Dust",4.0,25.13,4.52,2023-11-27,17:25:00
3740,"Martini Flight, Beer Flight, Fry Flight, Slider Flight, Taco Flight, Baby Back Ribs Flight, Mac & Cheese Flight",12.0,258.7,0.0,2023-11-27,18:23:00
4272,"Old Fashioned Flight, Old Fashioned Flight",2.0,52.5,10.5,2023-11-27,18:57:00
5947,"HH Tasting Wine Flight, Elysian Space Dust, Elysian Space Dust",3.0,30.62,6.74,2023-11-27,17:45:00
6988,"HH Margarita Rock Flight, Hummus",3.0,50.27,20.45,2023-11-29,17:52:00
9723,"Hh Beer Flight, Hh Beer Flight, HH Bloody Mary Flight, HH Mule Flight, Slider Flight, HH BEER, HH BEER, HH BEER, HH BEER, MODELO, MODELO",11.0,126.8,7.2,2023-11-29,17:37:00
9655,Meatballs,1.0,9.26,35.0,2023-11-29,19:57:00
8191,"Margarita Rock Flight, Gin Flight, Margarita Rock Flight, Ahi Tuna Taco Flight, Caprese Salad, Fry Flight, Cheesecake Flight",7.0,144.15,22.82,2023-11-29,16:28:00
6051,"Jim Beam, Jim Beam",2.0,21.86,10.5,2023-11-29,16:31:00
4842,"Cazadores Reposado, Cazadores Reposado, Cazadores Reposado",3.0,45.96,45.0,2023-11-29,20:04:00
6276,"Martini Flight, Mojito Flight",2.0,52.5,10.49,2023-11-29,17:42:00
5191,"Flights Burger, Flights Burger, Bluemoon, Sierra Hazy, Bud Light",5.0,61.15,24.24,2023-11-30,16:27:00
8782,MODELO,1.0,8.75,11.8,2023-11-30,19:19:00
6283,"Old Fashioned Flight, Flights Burger, Fettuccine Alfredo",3.0,65.53,20.18,2023-11-30,19:26:00
2766,"Roasted Lemon Chicken, Taco Flight",2.0,46.92,35.82,2023-11-30,19:35:00
8956,"Ginger Beer, Cheesecake Flight, Ghost Rider, Maverick, 805, Iced Tea",6.0,61.22,7.46,2023-11-30,19:22:00
9000,"Hummus, Skewer Flight, Ahi Tuna Taco Flight",3.0,0.0,14.21,2023-11-30,18:23:00
